"Fundamentos de organización de empresas";"1"
"Estadística";"1"
"Fundamentos Físicos de la Informática";"1"
"Introducción a la informática y a la programación";"1"
"Fundamentos de computadores";"1"
"Programación";"1"
"Tecnología de computadores";"1"
"Análisis matemático";"1"
"Algebra";"1"
"Matemática discreta";"1"
"Bases de datos y sistemas de información";"1"
"Computación paralela";"1"
"Deontología y profesionalismo";"1"
"Estructuras de datos y algoritmos";"1"
"Estructura de computadores";"1"
"Arquitectura e ingeniería de computadores";"1"
"Gestión de proyectos";"1"
"Ingeniería del software";"1"
"Interfaces persona computador";"1"
"Lenguajes, tecnologías y paradigmas de la programación";"1"
"Sistemas inteligentes";"1"
"Fundamentos de sistemas operativos";"1"
"Concurrencia y sistemas distribuidos";"1"
"Tecnología de sistemas de información en la red";"1"
"Teoría de autómatas y lenguajes formales";"1"
"Diseño de software";"1"
"Análisis, validación y depuración de software";"1"
"Desarrollo de software dirigido por modelos";"1"
"Calidad de software";"1"
"Mantenimiento y evolución de software";"1"
"Análisis y especificación de requisitos";"1"
"Proceso de software";"1"
"Integración e interoperabilidad";"1"
"Métodos formales industriales";"1"
"Proyecto de ingeniería de software";"1"
"Lenguajes y entornos de programación paralela";"1"
"Seguridad en los sistemas informáticos";"1"
"Diseño y aplicaciones de los sistemas distribuidos";"1"
"Diseño de sistemas operativos";"1"
"Tecnología de redes";"1"
"Configuración, administración y gestión de redes";"1"
"Diseño de sistemas digitales";"1"
"Arquitecturas avanzadas";"1"
"Control por computador";"1"
"Sistemas empotrados y de tiempo real";"1"
"Técnicas de optimización";"1"
"Computabilidad y complejidad";"1"
"Agentes inteligentes";"1"
"Sistemas de almacenamiento y recuperación de información";"1"
"Percepción";"1"
"Lenguajes de programación y procesadores de lenguajes";"1"
"Introducción a los sistemas gráficos interactivos";"1"
"Técnicas, entornos y aplicaciones de inteligencia artificial";"1"
"Algorítmica";"1"
"Aprendizaje automático";"1"
"Calidad y optimización";"1"
"Diseño y gestión de bases de datos";"1"
"Análisis de requisitos de negocio";"1"
"Gestión de las tecnologías de la información";"1"
"Sistemas de información estratégicos";"1"
"Gestión y configuración de la arquitectura de los sistemas de información";"1"
"Comportamiento organizativo y gestión del cambio";"1"
"Gestión de servicios de SI TI";"1"
"Sistemas integrados de información en las organizaciones";"1"
"Modelos de negocio y áreas funcionales de la organización";"1"
"Diseño, configuración y evaluación de los sistemas informáticos";"1"
"Seguridad en redes y sistemas informáticos";"1"
"Diseño y configuración de redes de área local";"1"
"Sistemas y servicios en red";"1"
"Redes corporativas";"1"
"Desarrollo web";"1"
"Administración de sistemas";"1"
"Tecnología de bases de datos";"1"
"Desarrollo centrado en el usuario";"1"
"Integración de aplicaciones";"1"
"Inglés intermedio bajo para la informática";"1"
"Inglés intermedio alto para la informática";"1"
"Expresión y comprensión escrita avanzada en inglés profesional";"1"
"Expresión y comprensión oral avanzada en inglés profesional";"1"
"Prácticas en empresa 2";"1"
"Prácticas en empresa 4";"1"
"Prácticas en empresa 3";"1"
"Prácticas en empresa 1";"1"
"Alemán elemental para intercambio académico y profesional";"1"
"Valencià tècnic informàtic";"1"
"Redacción, presentación y defensa de proyectos";"1"
"Redacció i presentació de projectes";"1"
"Métodos estadísticos aplicados para la ingeniería informática";"1"
"Diseño de sistemas de optimización aplicada";"1"
"Sistemas multimedia interactivos multicanal";"1"
"Diseño de aplicaciones multimedia interactivas para televisión";"1"
"Fundamentos de sistemas multimedia";"1"
"Integración de medios digitales";"1"
"Redes multimedia";"1"
"Soluciones informáticas para dispositivos móviles";"1"
"Diseño e interconexión de periféricos";"1"
"Instrumentación industrial";"1"
"Arquitectura y entornos de desarrollo para videoconsolas";"1"
"Processament científic de textos";"1"
"Grafos. Modelos y aplicaciones";"1"
"CAD CAM";"1"
"Sistemas robotizados";"1"
"Mecatrónica";"1"
"Sensorización en producción industrial";"1"
"Integración en producción industrial";"1"
"Introducción a la programación de videojuegos";"1"
"Síntesis de imagen digital";"1"
"Tratamiento de imagen digital";"1"
"Diseño de sitios web";"1"
"Criptografía";"1"
"Competición de programación";"1"
"Economía";"1"
"Computación científica";"1"
"Edición y postproducción de vídeo digital";"1"
"Edición, postproducción y síntesis de audio digital";"1"
"Computación ambiental";"1"
"Fundamentos físicos de la robótica";"1"
"Bioinformática";"1"
"Informática médica";"1"
"Emprendedores y creación de empresas";"1"
"Trabajo de fin de Grado";"1"
"Redes de Computadores";"1"
"Fundamentos de organización de empresas";"1"
"Estadística";"1"
"Fundamentos Físicos de la Informática";"1"
"Introducción a la informática y a la programación";"1"
"Fundamentos de computadores";"1"
"Programación";"1"
"Tecnología de computadores";"1"
"Análisis matemático";"1"
"Algebra";"1"
"Matemática discreta";"1"
"Deontología y profesionalismo";"2"
"Estructuras de datos y algoritmos";"2"
"Estructura de computadores";"2"
"Interfaces persona computador";"2"
"Lenguajes, tecnologías y paradigmas de la programación";"2"
"Fundamentos de sistemas operativos";"2"
"Concurrencia y sistemas distribuidos";"2"
"Teoría de autómatas y lenguajes formales";"2"
"Redes de Computadores";"2"
"Bases de datos y sistemas de información";"3"
"Computación paralela";"3"
"Arquitectura e ingeniería de computadores";"3"
"Gestión de proyectos";"3"
"Ingeniería del software";"3"
"Sistemas inteligentes";"3"
"Tecnología de sistemas de información en la red";"3"
"Trabajo de fin de Grado";"4"
"Fundamentos de organización de empresas";"1"
"Estadística";"1"
"Fundamentos Físicos de la Informática";"1"
"Introducción a la informática y a la programación";"1"
"Fundamentos de computadores";"1"
"Programación";"1"
"Tecnología de computadores";"1"
"Análisis matemático";"1"
"Algebra";"1"
"Matemática discreta";"1"
"Inglés intermedio bajo para la informática";"2"
"Inglés intermedio alto para la informática";"2"
"Alemán elemental para intercambio académico y profesional";"2"
"Valencià tècnic informàtic";"2"
"Diseño de software";"3"
"Desarrollo de software dirigido por modelos";"3"
"Calidad de software";"3"
"Proceso de software";"3"
"Métodos formales industriales";"3"
"Diseño de sistemas operativos";"3"
"Tecnología de redes";"3"
"Diseño de sistemas digitales";"3"
"Arquitecturas avanzadas";"3"
"Control por computador";"3"
"Técnicas de optimización";"3"
"Computabilidad y complejidad";"3"
"Agentes inteligentes";"3"
"Sistemas de almacenamiento y recuperación de información";"3"
"Percepción";"3"
"Análisis de requisitos de negocio";"3"
"Gestión de las tecnologías de la información";"3"
"Gestión y configuración de la arquitectura de los sistemas de información";"3"
"Comportamiento organizativo y gestión del cambio";"3"
"Gestión de servicios de SI TI";"3"
"Diseño, configuración y evaluación de los sistemas informáticos";"3"
"Diseño y configuración de redes de área local";"3"
"Desarrollo web";"3"
"Tecnología de bases de datos";"3"
"Análisis, validación y depuración de software";"4"
"Mantenimiento y evolución de software";"4"
"Análisis y especificación de requisitos";"4"
"Integración e interoperabilidad";"4"
"Proyecto de ingeniería de software";"4"
"Lenguajes y entornos de programación paralela";"4"
"Seguridad en los sistemas informáticos";"4"
"Diseño y aplicaciones de los sistemas distribuidos";"4"
"Configuración, administración y gestión de redes";"4"
"Sistemas empotrados y de tiempo real";"4"
"Lenguajes de programación y procesadores de lenguajes";"4"
"Introducción a los sistemas gráficos interactivos";"4"
"Técnicas, entornos y aplicaciones de inteligencia artificial";"4"
"Algorítmica";"4"
"Aprendizaje automático";"4"
"Calidad y optimización";"4"
"Diseño y gestión de bases de datos";"4"
"Sistemas de información estratégicos";"4"
"Sistemas integrados de información en las organizaciones";"4"
"Modelos de negocio y áreas funcionales de la organización";"4"
"Seguridad en redes y sistemas informáticos";"4"
"Sistemas y servicios en red";"4"
"Redes corporativas";"4"
"Desarrollo centrado en el usuario";"4"
"Integración de aplicaciones";"4"
"Expresión y comprensión escrita avanzada en inglés profesional";"4"
"Expresión y comprensión oral avanzada en inglés profesional";"4"
"Prácticas en empresa 2";"4"
"Prácticas en empresa 4";"4"
"Prácticas en empresa 3";"4"
"Prácticas en empresa 1";"4"
"Redacción, presentación y defensa de proyectos";"4"
"Redacció i presentació de projectes";"4"
"Métodos estadísticos aplicados para la ingeniería informática";"4"
"Diseño de sistemas de optimización aplicada";"4"
"Sistemas multimedia interactivos multicanal";"4"
"Diseño de aplicaciones multimedia interactivas para televisión";"4"
"Fundamentos de sistemas multimedia";"4"
"Integración de medios digitales";"4"
"Redes multimedia";"4"
"Soluciones informáticas para dispositivos móviles";"4"
"Diseño e interconexión de periféricos";"4"
"Instrumentación industrial";"4"
"Arquitectura y entornos de desarrollo para videoconsolas";"4"
"Processament científic de textos";"4"
"Grafos. Modelos y aplicaciones";"4"
"CAD CAM";"4"
"Sistemas robotizados";"4"
"Mecatrónica";"4"
"Sensorización en producción industrial";"4"
"Integración en producción industrial";"4"
"Introducción a la programación de videojuegos";"4"
"Síntesis de imagen digital";"4"
"Tratamiento de imagen digital";"4"
"Diseño de sitios web";"4"
"Criptografía";"4"
"Competición de programación";"4"
"Economía";"4"
"Computación científica";"4"
"Edición y postproducción de vídeo digital";"4"
"Edición, postproducción y síntesis de audio digital";"4"
"Computación ambiental";"4"
"Fundamentos físicos de la robótica";"4"
"Bioinformática";"4"
"Informática médica";"4"
"Emprendedores y creación de empresas";"4"
"Diseño de software";"0"
"Análisis, validación y depuración de software";"0"
"Desarrollo de software dirigido por modelos";"0"
"Calidad de software";"0"
"Mantenimiento y evolución de software";"0"
"Análisis y especificación de requisitos";"0"
"Proceso de software";"0"
"Integración e interoperabilidad";"0"
"Métodos formales industriales";"0"
"Proyecto de ingeniería de software";"0"
"Lenguajes y entornos de programación paralela";"1"
"Seguridad en los sistemas informáticos";"1"
"Diseño y aplicaciones de los sistemas distribuidos";"1"
"Diseño de sistemas operativos";"1"
"Tecnología de redes";"1"
"Configuración, administración y gestión de redes";"1"
"Diseño de sistemas digitales";"1"
"Arquitecturas avanzadas";"1"
"Control por computador";"1"
"Sistemas empotrados y de tiempo real";"1"
"Técnicas de optimización";"2"
"Computabilidad y complejidad";"2"
"Agentes inteligentes";"2"
"Sistemas de almacenamiento y recuperación de información";"2"
"Percepción";"2"
"Lenguajes de programación y procesadores de lenguajes";"2"
"Introducción a los sistemas gráficos interactivos";"2"
"Técnicas, entornos y aplicaciones de inteligencia artificial";"2"
"Algorítmica";"2"
"Aprendizaje automático";"2"
"Calidad y optimización";"3"
"Diseño y gestión de bases de datos";"3"
"Análisis de requisitos de negocio";"3"
"Gestión de las tecnologías de la información";"3"
"Sistemas de información estratégicos";"3"
"Gestión y configuración de la arquitectura de los sistemas de información";"3"
"Comportamiento organizativo y gestión del cambio";"3"
"Gestión de servicios de SI TI";"3"
"Sistemas integrados de información en las organizaciones";"3"
"Modelos de negocio y áreas funcionales de la organización";"3"
"Diseño, configuración y evaluación de los sistemas informáticos";"4"
"Seguridad en redes y sistemas informáticos";"4"
"Diseño y configuración de redes de área local";"4"
"Sistemas y servicios en red";"4"
"Redes corporativas";"4"
"Desarrollo web";"4"
"Administración de sistemas";"4"
"Tecnología de bases de datos";"4"
"Desarrollo centrado en el usuario";"4"
"Integración de aplicaciones";"4"
"Accesibilidad y estándares";"1"
"Diseño web";"1"
"Interfaces inteligentes";"1"
"Cibermetría y analítica web";"1"
"Recuperación optimizada en la web";"1"
"Redacción de contenidos";"1"
"Redes sociales";"1"
"Reputación online";"1"
"Auditoría y valoración de contenidos";"1"
"Práctica en empresa";"1"
"Modelos de negocio online";"1"
"E-business";"1"
"Planificación de servicios de información";"1"
"Modelado de sistemas de información";"1"
"Sistemas multimedia";"1"
"Contenidos multicanal";"1"
"Recuperación de información";"1"
"Diseño de ontologías";"1"
"Técnicas de investigación social";"1"
"Vigilancia tecnológica";"1"
"Arquitectura de la información";"1"
"Plataformas de gestión de contenidos";"1"
"Técnicas de gestión de contenidos";"1"
"Análisis y calidad de la información";"1"
"Marketing de contenidos y buscadores (SEM)";"1"
"Comunicación digital";"1"
"Experiencia de usuario";"1"
"Posicionamiento y optimización de contenidos";"1"
"Trabajo de fin de máster";"1"
"Modelos de negocio online";"1"
"E-business";"1"
"Planificación de servicios de información";"1"
"Modelado de sistemas de información";"1"
"Sistemas multimedia";"1"
"Contenidos multicanal";"1"
"Recuperación de información";"1"
"Diseño de ontologías";"1"
"Técnicas de investigación social";"1"
"Vigilancia tecnológica";"1"
"Trabajo de fin de máster";"2"
"Arquitectura de la información";"1"
"Plataformas de gestión de contenidos";"1"
"Técnicas de gestión de contenidos";"1"
"Análisis y calidad de la información";"1"
"Marketing de contenidos y buscadores (SEM)";"1"
"Comunicación digital";"1"
"Experiencia de usuario";"1"
"Posicionamiento y optimización de contenidos";"1"
"Accesibilidad y estándares";"2"
"Diseño web";"2"
"Interfaces inteligentes";"2"
"Cibermetría y analítica web";"2"
"Recuperación optimizada en la web";"2"
"Redacción de contenidos";"2"
"Redes sociales";"2"
"Reputación online";"2"
"Auditoría y valoración de contenidos";"2"
"Práctica en empresa";"2"
"Administración de sistemas";"3"
